school_code,lat,lon,region_code
0240807X,45.424362,0.8631506,75
0240920V,45.197017200000005,0.7835042,75
0240955H,44.8534568,0.48753100000000005,75
0240990W,44.870418799999996,0.3742764,75
0241013W,44.845628399999995,0.9082579,75
0241115G,45.570555600000006,0.5613889,75
0241123R,45.29233,0.74936,75
0241133B,44.74607125,0.975186732678294,75
0250343M,47.2362653,6.6478649999999995,27
0250395U,47.2574922,6.7027625,27
0020894L,49.06142020000001,3.5731984,32
0020944R,49.09049829999999,3.5358892,32
0021699L,49.84861110000001,3.2863888,32
0140210C,49.2482981,-1.0452622,28
0250935F,47.2785585,6.7352213,27
0260138J,44.5159006,5.2154189,84
0260659A,44.9332277,4.8920810999999995,84
0511234P,48.9894458,4.3154379,44
0511831N,49.328446899999996,3.9453038,44
0512106M,49.0279127,4.2372528,44
0520103E,48.4426265,5.1412535,44
0520609E,48.1435047,5.1444735999999995,44
0520909F,48.2952568,5.2464882093597005,44
0221482S,48.28993035,-2.5260125118511296,53
0221602X,48.6787936,-3.5231644,53
0240271P,45.1909365,0.7184406999999999,75
0240304A,44.8534568,0.48753100000000005,75
0240334H,44.640229999999995,1.03398,75
0240383L,44.90528,0.54942,75
0240402G,45.4287117,0.7046508,75
0240403H,45.32447,0.77998,75
0140379L,49.182800799999995,-0.3690815,28
0140421G,49.182800799999995,-0.3690815,28
0140643Y,48.896474100000006,-0.19991289999999998,28
0140676J,48.878440600000005,-0.160385,28
0141377W,48.84902185,-0.565216636395482,28
0141563Y,49.182800799999995,-0.3690815,28
0141691M,49.2764624,-0.7024738,28
0142016R,49.1129522,-0.47249220000000003,28
0312623H,43.6044622,1.4442469,76
0320247V,43.9218218,0.8012234,76
0320453U,43.6397222,-0.0222222,76
0320464F,43.9752122,0.6099933000000001,76
0240584E,45.1724869,0.7650347839958431,75
0240632G,45.3583333,0.33944440000000003,75
0240682L,44.845628399999995,0.9082579,75
0240716Y,44.83201079999999,1.3100538000000002,75
0241117J,45.138268100000005,0.752132860790254,75
0250495C,47.16835579999999,6.826355199999999,27
0140671D,48.939940899999996,-0.2547982,28
0150174H,44.89699475,2.2321001080992597,84
0142135V,49.369315500000006,0.27486900000000003,28
0142157U,49.24874435,-0.602242244099141,28
0150311G,45.053480799999996,2.1477305,84
0150425F,44.928544099999996,2.4433101,84
0150692W,44.9642272,2.4898166,84
0030330T,46.5660526,3.3331703,84
0320585M,43.646355799999995,0.5850506999999999,76
0550991D,48.645295700000005,5.3394095,44
0160197C,45.323574900000004,0.1899025,75
0030616D,46.1324239,3.4602736000000003,84
0030740N,46.3464789733877,3.8305934422415095,84
0050153P,44.56424570000001,6.4957085,93
0212101V,47.779773399999996,4.8607185,27
0220484G,48.5141594,-2.7602707000000004,53
0560739Z,47.711927100000004,-3.3088391,53
0561415J,48.0647729,-2.9675702,53
0561725W,47.747733600000004,-3.3660907,53
0570406G,49.264743200000005,6.6277712,44
0060231U,43.8119541,7.3146204,93
0221474H,48.74957,-2.9855088,53
0240180R,44.8106395,0.8238780000000001,75
0270336U,49.0738551,0.46196940000000003,28
0270365A,48.8995494,1.2329159,28
0240296S,45.1909365,0.7184406999999999,75
0240301X,45.197017200000005,0.7835042,75
0240313K,44.6312198,0.8725428,75
0240419A,45.336641,1.0490102,75
0240582C,45.138268100000005,0.752132860790254,75
0100144C,48.0629678470786,3.91875099874401,44
0100198L,48.502765999999994,4.2738976,44
0100250T,48.2701237,3.8071497,44
0100924A,48.2088406,3.8914306000000005,44
0451199J,47.76351,2.0215,24
0451311F,48.2104339,2.0179646,24
0460227X,44.5418304,1.0737531,76
0460271V,44.9898406,1.6634008000000002,76
0460401L,44.7841401,1.8513429,76
0460419F,44.3770903,1.1533354559551101,76
0460600C,44.9971233,1.6389476635401001,76
0280156T,48.2825990166904,1.65838836542575,24
0280285H,48.4231,1.46835,24
0180451T,47.3030026,2.5239669,24
0180588S,46.9921896,2.2552381,24
9740951R,-20.935458399999998,55.29167629999999,4
9760022V,-12.77607895,45.2846124862922,6
9760028B,-12.913218400000002,45.194967,6
0080345G,49.7429367,4.7462556,44
0080520X,49.4254547,4.176461799999999,44
0090137A,42.9003627,1.3404767,76
0170589Y,45.6245332,-1.0287636,75
0110864E,43.21303579999999,2.3491068999999998,76
0120338C,44.5923335,2.42216998397436,76
0120475B,44.476229,2.2295701,76
0410098J,47.35296115,1.2239873718126,24
0190375E,45.406522499999994,2.0450180000000002,75
0190547S,45.233554600000005,1.6974158,75
0210472Z,47.290721000000005,4.2946459,27
0210509P,47.23017,5.1929099999999995,27
0100796L,48.2784599,4.0507314,44
0171051A,45.6245332,-1.0287636,75
0180779Z,47.1354385,2.5499221000000003,24
0120585W,44.1883973,3.1322855,76
0420322X,46.0345572,4.0729178,84
0420327C,46.0345572,4.0729178,84
0211333K,47.2089381,5.3531973,27
0211891S,47.276819700000004,5.1748412,27
0280792J,48.7358807,1.3684253999999998,24
0290512Z,48.45148029999999,-4.2557901,53
0120719S,44.7373,2.7288200000000002,76
0190145E,45.158498200000004,1.5332389,75
0190510B,45.4143034,2.4284517999999995,75
0291163G,47.8126044,-4.3377655,53
0180234G,46.9921896,2.2552381,24
0420522P,45.4235,4.06555,84
0420673D,45.4401467,4.3873058,84
0420702K,45.74456841313721,4.22591794358575,84
0420928F,45.6072875,4.0627318,84
0420933L,45.5414,4.18354,84
0290790B,47.9960325,-4.1024782,53
0061755A,43.833177,7.472391900000001,93
0130487J,43.5139051,4.9884322999999995,93
0422101F,45.4401467,4.3873058,84
0430413R,45.118917100000004,3.9065257000000004,84
0160196B,45.4199869,0.056499900000000006,75
0160561Y,45.7078066,0.5547653,75
0071178T,45.2399639,4.6675474999999995,84
0090111X,43.1661872,1.2755831,76
0100095Z,48.2514482840827,4.70577699728286,44
0100227T,47.99585089999999,3.8643686,44
0100412U,48.5185158,3.5955059,44
0100465B,48.2784599,4.0507314,44
0351787C,48.0181129,-1.651345,53
0352095M,48.368382700000005,-1.2177018,53
0360241S,46.947782600000004,1.9889131000000002,24
0360484F,46.428091200000004,2.0528147,24
0292028X,47.8201167,-3.7921065,53
0170436G,46.1591126,-1.1520434,75
9710152N,16.2408636,-61.533407700000005,1
9710389W,16.3316709,-61.3476233,1
9710492H,16.3776349,-61.48778370000001,1
9710497N,16.2255854,-61.385755700000004,1
0110176G,43.21303579999999,2.3491068999999998,76
0110651Y,43.2108325,2.4412578999999996,76
0260940F,45.0458886,5.0528680999999995,84
0261028B,44.9332277,4.8920810999999995,84
0270863S,48.90859715,1.1640740779346699,28
0571959V,49.034658,6.1569029,44
0572137N,49.119696399999995,6.176355200000001,44
0572314F,49.3086945,6.587674400000001,44
0671974G,48.851978700000004,7.6124713869939695,44
0672452B,48.3966676,7.4425002000000005,44
0672620J,48.455352500000004,7.206870299999999,44
0111002E,43.020213299999995,2.391578,76
0160187S,45.348473999999996,0.24915460000000003,75
0160287A,45.6763498,0.2188754,75
0160449B,45.7594369,0.1278348,75
0160529N,46.0316836,0.7211031,75
0280310K,48.4231,1.46835,24
0572592H,49.149292200000005,6.9490582,44
0572687L,49.1198867,6.287998402696981,44
0572781N,49.25150479999999,6.0938369,44
0681387N,47.7569173878324,7.288916684651969,44
0681512Z,47.76278129999999,7.1529679,44
0160851N,45.9935688,0.6461785,75
0161030H,46.01203889999999,0.0795577,75
0161129R,45.7750157,0.2093391,75
0410893Y,48.04060429999999,1.076786,24
0420326B,46.0345572,4.0729178,84
0420377G,45.434898700000005,4.3212622000000005,84
0420652F,45.4401467,4.3873058,84
0670207L,48.2422436,7.3799809000000005,44
0670220A,48.542510899999996,7.7102193,44
0670292D,48.584614,7.750712700000001,44
0670364G,48.9012785,7.9757435,44
0671099F,48.71944845,7.58331394234607,44
0420961S,46.0205,4.09203,84
0421190R,46.0345572,4.0729178,84
0421472X,45.4401467,4.3873058,84
0421529J,45.4401467,4.3873058,84
0421988H,45.4401467,4.3873058,84
0830730T,43.1007714,5.878894799999999,93
0671470J,48.9404465,7.0899329,44
0671521P,48.989436299999994,8.044114599999999,44
0480362H,44.1998,3.92277,76
0311118X,43.4599858,1.3262332000000001,76
0490099S,47.473988399999996,-0.5515588,52
0890470C,48.0201831,3.8050892,27
0890993W,47.9411544,3.1309538,27
0891081S,47.7741815,3.7546242999999997,27
0891294Y,47.8634136,3.7279379,27
0900055W,47.717980299999994,6.9690806,27
0900095P,47.7418553,6.8251786999999995,27
0490989J,47.05249335,-0.8782112545094142,52
0681782T,48.07775170000001,7.3579641,44
0332316N,44.893145200000006,-0.15606620000000002,75
0332763Z,44.9259011,-0.48818459999999997,75
0911135P,48.482408899999996,2.3476234000000002,11
0020597N,49.9216667,3.4030556000000005,32
0020868H,49.84861110000001,3.2863888,32
0311650A,43.6828953,1.31799,76
0320158Y,43.3525,0.5125,76
0320307K,43.6520371776118,-0.10823350520633802,76
0320317W,43.461388899999996,0.2158333,76
0320462D,43.972777799999996,0.4577778,76
0320611R,43.5479869,0.29451109999999997,76
0301529Z,43.8629,4.45426,76
0330545N,44.884237899999995,-0.6111474,75
0331104W,45.129870700000005,-0.5076217000000001,75
0080513P,49.457891100000005,4.1032291,44
0080755C,50.1032047,4.762525599999999,44
0081101D,49.433024700000004,4.0534287,44
0090070C,42.7731821,1.51365726343815,76
0500448R,49.28282425,-1.53963994128265,28
0500764J,49.1912371,-1.1912143097844,28
0501034C,49.68706625,-1.40794853093579,28
0920449N,48.9026,2.30551,11
0511414K,49.2577886,4.031926,44
0511518Y,49.2854977,3.8165964,44
0520995Z,48.15969570000001,5.549050599999999,44
0521020B,48.45828,5.13999,44
0270396J,48.95917,1.2915299999999998,28
0510366W,49.1373278,4.3660294,44
0510629G,48.9566218,4.3628851,44
0922522S,48.9026,2.30551,11
0631506V,45.893068,3.1136667,84
0271348U,49.246919299999995,1.4215533999999999,28
0271493B,48.949459999999995,1.3041399999999999,28
0280211C,48.0827574,1.7408966000000001,24
0511586X,49.1514315,4.2514192,44
0511967L,48.8793138165297,3.59301958253128,44
0220654S,48.403605400000004,-2.9112668999999998,53
0220690F,48.1960984,-2.9826182529094303,53
0221477L,48.5245,-2.00563,53
0221604Z,48.7732657,-3.5187178999999995,53
0301179U,43.692438200000005,4.2754772,76
0931314Y,48.9392142,2.5257254000000002,11
0932067S,48.9031,2.48291,11
0601124W,49.2093315,2.6964792,32
0240182T,44.845628399999995,0.9082579,75
0240274T,45.1872222,0.6922222,75
0240307D,44.8534568,0.48753100000000005,75
0240766C,45.10310820000001,1.3661530000000002,75
0240954G,44.8534568,0.48753100000000005,75
0860375R,47.0116175,0.17621520000000002,75
0860383Z,46.1896443,0.687578,75
0860402V,46.424957299999996,0.8682027,75
0610072X,48.7428859,-0.0223695,28
0610662N,48.7513195,0.0754344795141468,28
0250481M,47.1387693,6.470813,27
0250591G,47.061160799999996,6.6690523,27
0250811W,47.1848615,5.9903449,27
0251879G,47.5515894,6.6955773,27
0560313L,47.7639726,-3.3444489,53
0560383M,47.96848,-2.9893010175124104,53
0560834C,48.0647729,-2.9675702,53
0860525D,47.0100270075767,0.175250970175021,75
0860715K,46.5695048,0.6439464,75
0861025X,46.5695048,0.6439464,75
0861065R,46.7742953,0.5357531,75
0861104H,46.7376338,0.42933640000000006,75
0870247W,45.83542429999999,1.2644847,75
0290478M,48.3905283,-4.4860088,53
0290564F,47.9960325,-4.1024782,53
0570333C,49.0588015,6.5489725,44
0570416T,49.280602200000004,6.6317962,44
0880330F,48.355301399999995,5.694857099999999,44
0881505H,47.908075399999994,6.783638099999999,44
0881614B,48.169151899999996,6.593786099999999,44
0881665G,48.0914619,6.4782907,44
0890309C,47.5188531,3.4847233999999996,27
0020556U,49.3973,3.46759,32
0020687L,49.8302778,3.3555556,32
0020699Z,49.7705556,3.6166667,32
0020708J,49.1469,3.21981,32
0020874P,49.84861110000001,3.2863888,32
0020961J,49.818009,3.605658,32
0442108C,47.2233007,-1.6346964,52
0450262R,47.9027336,1.9086066000000002,24
6200677S,41.5921091,9.2761531,94
0596638V,50.630508899999995,3.0706414,32
0460242N,44.4903014,1.3139098999999999,76
0460340V,44.7789948,1.7233939999999999,76
0600685U,49.3623895,2.4370282000000003,32
0100156R,48.3777152,4.2576617,44
0100597V,48.1701298,4.653119599999999,44
0100634K,48.1723292,4.0180216,44
0100654G,48.358178514571705,4.11671430077492,44
0210554N,47.0800061992585,4.15291736247929,27
0210906W,47.074740000000006,4.5591099999999996,27
0470387R,44.4966624,0.9684626000000001,75
0370445H,47.3454102,0.30285809999999996,24
0440992P,47.2233007,-1.6346964,52
0540466N,48.4816397,6.7328844,44
0101026L,48.2580873,4.031268,44
0101075P,48.446543299999995,4.356431400000001,44
0110799J,43.1837661,3.0042120999999997,76
0470890M,44.0276979,0.29044309999999995,75
0371109E,47.2729908,0.5996983,24
0380214B,45.054713,6.0306625,84
0120260T,44.17364548792089,2.53652265308789,76
0120481H,43.8436,2.56773,76
0120913C,43.9268331,2.5472505,76
0190161X,45.158498200000004,1.5332389,75
0490734G,47.368630100000004,-0.27674019135809896,52
0381292Y,45.111331,5.278244,84
0381893B,45.183668299999994,5.75448,84
0420280B,45.5002145,4.320397799999999,84
0420309H,46.1453805,4.109231899999999,84
0420790F,45.473408,4.3792689000000005,84
0421075R,45.4401467,4.3873058,84
0190360N,45.366354799999996,1.7144158,75
0210535T,47.3524041095477,4.54551707971295,27
0210665J,47.667359999999995,4.2445900000000005,27
0210787S,47.6241674,4.3373194,27
0211008G,47.08379,4.62134,27
0500497U,48.6474693,-0.9424389999999999,28
0390290D,46.7604057,5.9402266,27
0390449B,46.9318996,5.9662505,27
0390509S,46.6739021,5.5586167,27
0390684G,46.367,5.708069999999999,27
0422157S,45.4401467,4.3873058,84
0211412W,47.525588799999994,5.3695751,27
0211728P,46.97703,4.8905,27
0211912P,47.006553000000004,5.2393965,27
0460078K,44.74469439999999,1.4907273,76
0460313R,44.6642467,1.9518723000000002,76
0390934D,46.3877989,5.8641501,27
0460576B,44.7847558,1.8999269,76
0501849N,49.6343606,-1.62856869074902,28
0595308Z,50.200250200000006,3.8336383,32
0510576Z,49.2577886,4.031926,44
0510968A,49.047599100000006,4.08816616780357,44
0511908X,48.68266,3.80144,44
0595764V,50.5732932,3.0823682,32
0600128N,49.175414700000005,1.9019138999999998,32
0600148K,49.2413145823151,1.8857331086071298,32
0600166E,49.151971,2.9837988999999996,32
0600281E,49.63096015177629,2.30825410992372,32
0070135J,44.447247261799,4.09651757719874,84
0070353W,44.5493789,4.6829629,84
0071324B,45.1891,4.79833,84
0080216S,49.79756,4.6754,44
0520619R,48.177014,5.1516194,44
0520824N,48.6668291,4.8977944,44
0342061F,43.677910100000005,3.9868904,76
0350904T,48.0131094,-1.7023101000000003,53
0470249R,44.4174761,0.39816273090189397,75
0561525D,47.62798,-2.8229152,53
0561623K,47.7636187,-3.1194205000000004,53
0211940V,47.28156,5.18971,27
0220754A,48.317935399999996,-2.2620533,53
0220818V,48.38102515,-2.33228275857413,53
0220898G,48.46244615,-2.51650229207986,53
0220914Z,48.2849898,-2.41256441182033,53
0351837G,48.1244503,-1.214331,53
0530295H,48.071037700000005,-0.7723499,52
0480430G,44.3380133,3.22842731840373,76
0360555H,46.5790893,2.00521388557935,24
0221534Y,48.288079499999995,-2.1543918,53
0221633F,48.18859125,-2.58719821925169,53
0221640N,48.24010935,-2.55527984239813,53
0221826R,48.434473,-2.219882,53
0240276V,45.336641,1.0490102,75
0421465P,45.6072875,4.0627318,84
0371373S,47.385141100000006,0.5545861999999999,24
0371404A,47.231224100000006,0.2519958,24
0380196G,45.4912311,5.3866972,84
0240388S,45.29233,0.74936,75
0240583D,45.17838205,0.8204095174289671,75
0240627B,45.328055600000006,0.31237909999999997,75
0240715X,44.908188700000004,1.3397368,75
0240753N,45.30813,0.81893,75
0240854Y,45.0145321,0.6472144000000001,75
0240968X,45.1872222,0.6922222,75
0240985R,44.870418799999996,0.3742764,75
0430911G,45.118917100000004,3.9065257000000004,84
0542180B,48.5101741,6.768275900000001,44
0542341B,48.6453022,6.8060775,44
0550789J,49.0548828295899,5.13310618266323,44
0251612S,47.510236799999994,6.7977564,27
0370304E,47.590492299999994,0.9084165999999999,24
0370570U,47.231224100000006,0.2519958,24
0371380Z,47.4371991493408,0.372737234758632,24
0141839Y,49.3291667,-0.3886111,28
0150332E,45.2517313820506,2.55219363350221,84
0150619S,44.928544099999996,2.4433101,84
0381415G,45.5252114,4.874784099999999,84
0381476Y,45.07583579999999,5.7715863,84
0631289J,45.649908,3.7088801,84
0640564R,42.9750902,-0.6217117,75
0390618K,47.2224,5.53366,27
0160501H,45.4405085,-0.198012764899828,75
0160510T,45.4709095,-0.1528288,75
0160587B,45.8735576,0.7188033,75
0160927W,45.68445139999999,0.5660516,75
0160972V,45.9908656,0.4103041,75
0161026D,45.5296896,-0.23913850000000003,75
0170302L,45.702450899999995,-0.4921932,75
0390138N,46.75453515,5.55660302185966,27
0390933C,47.2047,5.68505,27
0400652S,43.8911318,-0.500972,75
0140286K,49.08899775,-0.198534850833071,28
0140660S,48.9716102,-0.24754629999999997,28
0140679M,48.8965132,-0.13832650000000002,28
0140686V,49.0174187,-0.12397550000000002,28
0141059A,48.82212835,-0.96880173694407,28
0141565A,49.179086299999994,-0.2672692,28
0141659C,48.8517468,-0.8872594458318379,28
0131829T,43.3015041,5.548003285875901,93
0180320A,47.0805693,2.398932,24
0420122E,46.1483,4.042269999999999,84
0420319U,45.528840100000004,4.6187385999999995,84
0420841L,45.5086864,4.0416546,84
0160198D,45.3981244449386,0.110404189787165,75
0160375W,45.608672999999996,0.1013099,75
0160422X,45.7428942,-0.0910086,75
0160666M,46.0635586,0.2392556,75
0160739S,45.5711281,-0.2667791,75
0160869H,45.6763498,0.2188754,75
0160892H,45.7009701,-0.35835459999999997,75
0170899K,45.517222,-0.826111,75
0630592B,45.86018189999999,3.4203664,84
0132749T,43.5569467,4.7295988,93
0631515E,45.855795,3.5489707000000004,84
0631749J,45.77246895,3.23889848098283,84
0140131S,49.22100089999999,-0.6792915,28
0140513G,49.1460831,0.22551679999999996,28
0140647C,48.8909429900377,-0.172750936079535,28
0141019G,48.84902185,-0.565216636395482,28
0141100V,48.8517468,-0.8872594458318379,28
0141384D,49.2031097,-0.3353513,28
0141566B,48.896474100000006,-0.19991289999999998,28
0141656Z,49.2366859,-0.3262163,28
0800730J,50.1015635,1.4473006000000002,32
0561316B,47.8758768,-3.0199362,53
0141657A,48.9161569,-0.48224350000000005,28
0141679Z,49.1355556,-0.2941667,28
0142129N,49.20141605,-0.836754924986576,28
0142252X,49.141239299999995,-0.3506969,28
0180286N,47.2217489,2.0691421,24
0180414C,46.6664315,2.5522142000000003,24
0180439E,46.6418114,2.2835591,24
0570360G,48.9808121,6.4664978,44
0570814A,49.161036700000004,6.853844400000001,44
0571145K,49.099983200000004,6.153041,44
0600467G,49.43009970000001,2.0823355,32
0190415Y,44.993430700000005,2.00979358444882,75
0190482W,45.4243315,1.5637278000000001,75
0190561G,45.1723833,1.7342495,75
0210200D,47.1839,4.67322,27
0210304S,47.125851209535,4.667585283198219,27
0210413K,47.6196013682994,4.330804218402919,27
0940492Z,48.8051624,2.4197113,11
0600921A,49.527063299999995,1.8512721,32
0601538W,49.4179497,2.8263171000000002,32
0030360A,46.3464789733877,3.8305934422415095,84
0880445F,48.1471,6.0629,44
0880620W,48.2527,5.945,44
0881543Z,48.177517200000004,6.393281900000001,44
0890175G,47.4261876,3.9966803,27
0610077C,48.580906,-0.38203748624326295,28
0610200L,48.6773586,0.0889576,28
9710676H,16.2408636,-61.533407700000005,1
9720207T,14.817095500208499,-61.0665079377225,2
0900284V,47.5075682,6.9977521,27
0590966E,51.0347708,2.3772525,32
0591052Y,50.5223657,3.1158401000000002,32
0590970J,51.0347708,2.3772525,32
0591354B,50.2513704,3.9200611000000003,32
0751217R,48.856610100000005,2.3514992,11
0592680T,50.753123200000005,3.1209016,32
0591679E,50.9946103,2.2192457,32
0592517R,50.587877899999995,3.0511654999999998,32
0921519B,48.8126688,2.2385432,11
0922053G,48.8953328,2.2561602,11
0751366C,48.856610100000005,2.3514992,11
0540143M,48.8969262,6.2597394,44
0540444P,48.6846355,5.786620500000001,44
0760388J,49.924618200000005,1.0791444,28
0760457J,49.4595571,1.3623213,28
0760662G,49.6197245,0.27845349999999996,28
0760709H,49.8050152,1.0515461000000002,28
0760843D,49.493897499999996,0.10797319999999999,28
0761042V,49.67588,0.84519,28
0761052F,49.6947186,0.8597473,28
0541089R,48.4827,6.8138,44
0541095X,48.4634,6.5489999999999995,44
0541188Y,48.657868900000004,6.7088882,44
0542107X,48.804007899999995,6.3418035999999995,44
0550684V,49.0548828295899,5.13310618266323,44
0700546N,47.5505365290717,5.84125851475676,27
0710169Y,46.7888997,4.8529605,27
0710180K,46.8054064,4.428596099999999,27
0710211U,46.747427,4.4699684,27
0710369R,46.600523200000005,4.0633824999999995,27
0594842T,50.654089500000005,3.1839429,32
0640665A,42.9969381,-0.6175989000000001,75
0640855G,43.20758675,-1.0637938060951602,75
0641524J,43.4813927,-1.5149934999999999,75
9710117A,16.3776349,-61.48778370000001,1
0596364X,51.0347708,2.3772525,32
0600150M,49.2413145823151,1.8857331086071298,32
0650181U,43.432753600000005,0.0843131,76
0650280B,42.9974157,-0.0538888,76
0650332H,43.076102399999996,-0.0472452,76
0650699G,43.0255659,0.6023704000000001,76
0650700H,43.12522979999999,0.384241,76
0660202L,42.54848320000001,2.3878706000000003,76
0730673K,45.612143700000004,6.8457969,84
0271137P,49.0268903,1.1510163999999998,28
0620489V,50.255160499999995,2.4730029,32
0622251K,50.4049,2.8245400000000003,32
0911795G,48.62960985,2.4435958971089398,11
0911892M,48.5136159,2.2174622000000004,11
0280367X,48.3037516936298,0.8490794332218901,24
0623048B,50.518440600000005,2.6004002999999996,32
0741271E,46.0833937,6.7269662,84
0741411G,46.351282399999995,6.292389900000001,84
0290490A,48.3905283,-4.4860088,53
0332730N,44.8422361,-0.6469599,75
0340358E,43.935142,3.7070719,76
0771491C,48.539927,2.6608169,11
0572903W,49.1092707,6.4054894,44
0580185L,47.0664625660931,3.65272502109248,27
0580341F,46.9876601,3.1577203,27
0640818S,43.4832523,-1.5592776000000002,75
0641053X,43.2957547,-0.36856679999999997,75
0611063Z,48.4312059,0.0911374,28
0680483F,48.093718700000004,7.553712599999999,44
0680692H,47.9024133,7.253469,44
0681038J,47.749418799999994,7.339935499999999,44
0650218J,43.242674900000004,0.09652260000000001,76
0650219K,43.242674900000004,0.09652260000000001,76
0650296U,43.06582120000001,0.1530914,76
0650402J,43.2284141,0.1046315,76
0770064B,48.4149956,3.2394035,11
0251818R,47.419161700000004,6.5237197,27
0650554Z,43.167521,0.26713459999999994,76
0650645Y,43.12522979999999,0.384241,76
0650719D,43.0255659,0.6023704000000001,76
0650928F,43.12522979999999,0.384241,76
0660385K,42.6598814443053,2.8638419954762995,76
0761567R,50.059109899999996,1.3827656000000002,28
0270093E,49.0473467,1.1624156,28
0710841D,46.4698148,4.2442193,27
0711047C,46.8160316,4.7143651,27
0711276B,46.2110224,4.7555202,27
0711280F,46.321219799999994,4.7448989,27
0762415M,49.3880756,1.1428247999999999,28
0690444H,45.7337532,4.9092351999999995,84
0240488A,45.4225,0.31805559999999994,75
0720417M,48.136804600000005,0.7958405,52
0721272S,47.78473029999999,0.6381374939631651,52
0691107D,46.0268039,4.5572383,84
0240851V,45.03633,0.8307899999999999,75
0330247P,44.79384015,-0.6063085906819761,75
0670245C,48.4770169,7.567958,44
0670375U,48.969314700000005,7.9913427,44
0741145T,46.1875056,6.291881,84
0741461L,46.2922313,6.309989900000001,84
0672108C,48.584614,7.750712700000001,44
0672541Y,48.6285965,7.625021799999999,44
0672667K,48.535574600000004,7.432170200000001,44
0680227C,47.8626304,7.213669599999999,44
0751306M,48.856610100000005,2.3514992,11
0740368Y,45.752557200000005,6.29168300187786,84
0730374K,45.675462200000005,6.3925417,84
0731393T,45.6136449,6.3174574,84
0761143E,49.5934182,0.21266179999999998,28
0770063A,48.4149956,3.2394035,11
0692598Z,45.6738,4.8583099999999995,84
0772528E,48.8567,2.7855615,11
0700602Z,47.8859052,6.1263847,27
0710287B,46.64134620000001,4.3717516,27
0680655T,47.7569173878324,7.288916684651969,44
0680666E,47.909462899999994,7.211327099999999,44
0681214A,47.909462899999994,7.211327099999999,44
0681464X,47.8091086,7.2402432,44
0753277E,48.856610100000005,2.3514992,11
0030402W,46.39495170000001,3.7515747999999998,84
0760293F,49.623196115417606,1.53556490171404,28
0760653X,49.598476,0.2625657,28
0760847H,49.8579786,0.9954325,28
0760870H,49.8542277,1.0710182,28
0030551H,46.1135216,3.6826943,84
0760820D,49.493897499999996,0.10797319999999999,28
0760852N,49.8658434,0.8880653000000001,28
0760891F,49.794339443467706,0.6280928629561899,28
0020276P,49.7544444,3.5725,32
0020434L,49.5206,3.57971,32
0020648U,49.515,3.9781800000000005,32
0770080U,48.4570001,3.3742663,11
0020936G,49.4638994,3.9744055,32
0021324D,49.953055600000006,3.1938889,32
0021678N,49.21436880682779,3.3549198988681095,32
0251384U,46.9040348,6.3546345,27
0251627H,47.327306799999995,6.011267,27
0770592A,48.5590252,2.6824060000000003,11
0382802P,45.159305700000004,5.6878134000000005,84
0382899V,45.4693305,5.473267118454441,84
0390446Y,46.931999999999995,5.93256,27
0400725W,43.7080596,-1.0533076000000001,75
0400775A,43.8825787,-0.5201452,75
0370212E,47.3900474,0.6889268,24
0371382B,47.2729908,0.5996983,24
0140642X,48.896474100000006,-0.19991289999999998,28
0320120G,43.7258333,0.10388889999999999,76
0320129S,43.608737,-0.097589,76
0320159Z,43.4999606,0.2133846,76
0320164E,43.394088599999996,0.41885390000000006,76
0320371E,43.4075,0.49444440000000006,76
0141622M,48.8253485,-1.04035886236471,28
0141664H,48.896474100000006,-0.19991289999999998,28
0141871H,49.195482500000004,0.35663720000000004,28
0320503Y,43.72347429999999,0.729581,76
0270420K,49.2675049,0.9147993652315409,28
0270902J,48.8212529,0.7095443,28
0280088U,48.0747843739993,1.3445741790559,24
0621029G,50.7765241,1.8348287,32
0280284G,48.4231,1.46835,24
0271270J,49.27895039999999,1.777826,28
0621738C,50.639593700000006,2.4000602000000004,32
0621832E,50.45049,2.21829,32
0280422G,48.2795417,1.4611983999999998,24
0332329C,44.7081826,-0.4009928,75
0332480S,45.127123100000006,-0.6635964,75
0623070A,50.302204700000004,2.7767966,32
0280446H,48.270233700000006,1.2715658,24
0340514Z,43.6112422,3.8767337,76
0382256W,45.2066078,5.6629992,84
0382466Z,45.3558251,5.616002,84
0311295P,43.6434,1.37799,76
0220346G,48.675503799999994,-2.928296,53
0221124C,48.32409335,-2.49628947585718,53
0400558P,44.0295744,-1.1987407039618898,75
0221609E,48.808542700000004,-3.3723211,53
0221627Z,48.7322183,-3.4587993999999997,53
0221628A,48.7322183,-3.4587993999999997,53
0221637K,48.784201,-3.2319779,53
0240407M,45.32966665,0.625948985254953,75
0240556Z,45.570555600000006,0.5613889,75
0641049T,43.2957547,-0.36856679999999997,75
0080449V,49.4021636,4.70952028242988,44
0080554J,49.4251987,4.125623200000001,44
0080596E,49.88562,4.3890400000000005,44
0240868N,44.98572539999999,0.7219503,75
0240963S,44.74607125,0.975186732678294,75
0240972B,44.769516700000004,0.7526427698362429,75
0241049K,45.1724869,0.7650347839958431,75
0241094J,45.17838205,0.8204095174289671,75
0370567R,47.170289430962704,0.24386412314186498,24
0460382R,44.4917756,1.0858997,76
0460649F,44.4495,1.4364999,76
0141560V,49.182800799999995,-0.3690815,28
0100194G,48.3185478,4.0413095000000006,44
0100768F,48.39418010000001,4.5268522,44
0100814F,48.6700396,4.2005817,44
0101080V,48.4458161,4.5804014,44
0570973Y,49.2984278,6.054280400000001,44
0120428A,44.4835,2.25886,76
0591758R,50.6767018,3.1043032000000004,32
0180442H,46.6934875,2.5236259999999997,24
0180813L,47.1462117,2.2214381000000003,24
0195040A,45.046991399999996,2.0085655,75
0210593F,47.277517700000004,4.2306919999999995,27
0210874L,47.2841003,5.057479799999999,27
0211752R,47.0534609,5.2770421999999995,27
0594341Y,50.1250142,3.6913023000000003,32
0650294S,43.06582120000001,0.1530914,76
0130888V,43.2874985714814,5.36069019065576,93
0420654H,45.4401467,4.3873058,84
0650748K,43.1831715,-0.0268132,76
0650850W,43.12522979999999,0.384241,76
0710791Z,46.2914780382876,4.0583295683687695,27
0711274Z,46.8540616,5.1751176,27
0711367A,46.64134620000001,4.3717516,27
0670301N,48.6919519,7.886425599999999,44
0140766G,49.2412693,-0.2255993,28
0140911P,49.2505283,0.1331312,28
0700938P,47.6197251,6.1545239,27
0141538W,49.1705071,-0.41290879999999996,28
0141670P,49.2747222,0.15222220000000003,28
0141673T,49.3941667,0.2966667,28
0141675V,49.156538299999994,-0.3937312,28
0141995T,48.9187667,-0.21404650000000003,28
0160195A,45.336127600000005,0.2232607,75
0160256S,45.6677249,0.16711289999999998,75
0710989P,46.7890718,4.6769169999999995,27
0320200U,43.6326723,0.2137618,76
0160625T,45.67292335,0.411893604131535,75
0161068Z,45.5534902,0.12393019999999999,75
0170196W,46.03771629999999,-0.6302566,75
0680681W,47.5863563,7.2533811,44
9740260P,-21.167769399999997,55.2881932,4
9740433C,-20.9042845,55.606119299999996,4
0420657L,45.4401467,4.3873058,84
0420900A,45.4536,4.75322,84
0950533N,48.9891693,2.3197111,11
0940394T,48.76302379999999,2.4093664,11
0941548X,48.8490721,2.4749347000000004,11
0380442Z,45.1437,5.71927,84
0810839X,43.9875724,2.1383353,76
0820768P,43.9675,1.5852778,76
0400833N,43.8911318,-0.500972,75
0641039G,43.2957547,-0.36856679999999997,75
0650563J,43.1731794,0.25471170000000004,76
0650603C,43.12522979999999,0.384241,76
0781217Z,48.8035403,2.1266886,11
0782252Z,48.8976716,2.1026594,11
0782334N,48.821447799999994,1.9871825,11
0783080Z,48.799708,2.0672137999999998,11
0783368M,48.972460399999996,1.9830623,11
0624299L,50.0822866,2.7908385,32
0731216A,45.5662672,5.9203636,84
0710727E,46.796949299343794,4.84281726174242,27
0710794C,46.2456386,4.0114577,27
0710802L,46.349674,4.2601544,27
0710996X,46.9040729,4.481756099999999,27
0711719H,46.8392713,4.331151599999999,27
0710177G,46.435311,4.2743162,27
0800437R,49.909153623920005,2.92662674782354,32
0800447B,49.909153623920005,2.92662674782354,32
0800819F,50.106083500000004,1.8337028999999998,32
0800821H,50.106083500000004,1.8337028999999998,32
0801177V,49.900582799999995,2.3216924999999997,32
0801785F,49.992824299999995,1.8768544999999999,32
0810295F,44.0301194,2.1323326000000002,76
0601888B,49.336708,2.1486811,32
0620423Y,50.70513629999999,2.1217900000000003,32
0610084K,48.4484342,0.7798020135619479,28
0610227R,48.4520099484466,0.0712042991394307,28
0610480R,48.83260315543261,0.501641527394375,28
0611003J,48.7651713,0.6278039000000001,28
0880589M,48.2537,5.9983,44
0880746H,48.2672201,6.488870200000001,44
0761569T,49.7577729,0.374891,28
0762359B,49.531383500000004,0.23867399999999997,28
0890181N,47.3857699,4.0476536,27
0802044M,50.0656325,1.3889703000000002,32
0810172X,43.4302,2.16882,76
0624297J,50.571375,2.1741874,32
0900343J,47.6029643,6.8682683,27
0910119K,48.3463691,2.16588,11
0771796J,48.5590252,2.6824060000000003,11
0781560X,48.7709414,2.0706084,11
0672619H,48.4238894,7.450833199999999,44
0790106L,46.6481266,-0.24726869999999998,75
0600233C,49.4669473,1.8971509999999998,32
0631699E,45.753974,3.0865394,84
0600153R,49.223176200000005,1.9468289,32
0600327E,49.2581737,2.8539068,32
0573332M,48.65358,7.2368372999999995,44
0660670V,42.7100287,2.8456715,76
0800443X,49.824270399999996,2.7654259,32
0580938E,47.1804171695358,3.33634881664923,27
0591003V,50.7653265,3.0066319,32
0650497M,43.12522979999999,0.384241,76
0880753R,48.2860794,6.4713441,44
0881537T,48.406984,6.8437227,44
0881688G,48.300530200000004,6.1312974,44
0890099Z,47.5347,3.8865800000000004,27
0801127R,49.774968900000005,1.9818506,32
0810267A,43.7685112,2.2589104,76
0860299H,46.2358775,0.6861455,75
0540374N,48.8416054,6.0683191,44
0541794G,48.575668,5.8513897,44
0762722W,49.9568229,1.2218919,28
0861087P,46.7638945,0.48237340000000006,75
0910604M,48.71445870000001,2.2453842,11
0911466Z,48.4577346,2.1388602000000003,11
0610987S,48.641358600000004,0.749490944862018,28
0920269T,48.8356649,2.240206,11
9740030P,-21.000609899999997,55.2771585,4
0911317M,48.680558700000006,2.1690093,11
0770844Z,48.737539,2.951462,11
0771375B,48.8773018,2.7056056,11
0020228M,49.0483038718163,3.3980128176417406,32
0020374W,49.0864834,3.5528175,32
0020871L,49.84861110000001,3.2863888,32
0021036R,49.2721699766556,3.12652514777423,32
0021842S,49.5151,3.83985,32
0061803C,43.8119541,7.3146204,93
0070337D,44.5493789,4.6829629,84
0071129P,44.8529331,4.3516535,84
0080488M,49.50914470000001,4.3666467,44
0080547B,49.4560072,4.0843034,44
0030843A,46.5660526,3.3331703,84
0030949R,46.5606,3.2911300000000003,84
0031026Z,46.3802795,3.5928142,84
0040205B,43.8338026,5.7826657,93
9710239H,16.3316709,-61.3476233,1
0050154R,44.561197799999995,6.0820018,93
0060122A,43.5836,7.10905,93
9710313N,15.976743300000003,-61.6441603,1
0061289U,43.7846,7.18785,93
0941489H,48.8490721,2.4749347000000004,11
0950395N,49.1658092,2.0013435,11
0890384J,47.7821588,3.2120077,27
0890948X,47.9642268,3.4843747000000005,27
0891250A,47.796128700000004,3.570579,27
0951452M,49.0116,2.03194,11
9720169B,14.6027962,-61.06767239999999,2
9720318N,14.741718300000002,-61.176390399999995,2
0594245U,50.587877899999995,3.0511654999999998,32
0911589H,48.680558700000006,2.1690093,11
0911689S,48.4786406,2.494958,11
0591278U,51.013481299999995,2.3029972,32
0591494D,50.1250142,3.6913023000000003,32
0920499T,48.8212037,2.289259,11
0571417F,48.868408200000005,6.8014037,44
0591849P,50.7159968,2.661152,32
0593521G,50.331979600000004,3.2329285,32
0490440M,47.19224005,-0.275895320412371,52
0490936B,47.25417435,-0.0661853886972667,52
0580198A,46.8073236505319,3.4694939960519,27
0580934A,47.0594459,3.3081798846095403,27
0591042M,50.51721679999999,3.0180377,32
0711516M,46.8319775,4.853079167730231,27
0721031E,48.1301857,0.7132644,52
0450243V,48.0165,2.73636,24
0450249B,47.9027336,1.9086066000000002,24
0501776J,49.66486835,-1.7471490971978403,28
0594927K,50.5432418,2.9830581,32
0595076X,50.7708967,3.0779620999999997,32
0721279Z,48.3547,0.371483,52
0450638Z,48.1892917,2.4249579,24
0450749V,47.5985716,2.6003967999999995,24
0451390S,47.7008085,2.0232754,24
0460064V,44.5305309,1.0430837,76
0460083R,44.469545700000005,1.2975521,76
0490770W,47.473988399999996,-0.5515588,52
0693749A,45.6815791,4.6395008,84
0700108M,47.8637825,6.1160513,27
0700385N,47.7322386893336,5.7514549005074596,27
0460223T,44.7939277,1.9344873,76
0460260H,45.007377000000005,1.6435871,76
0460427P,44.42166775,1.1401246812578998,76
0600837J,49.734865,1.8252533,32
0573261K,49.1288252,6.8937326,44
0572407G,49.225619099999996,6.2197994,44
0572659F,49.1732959,6.6301855,44
0572662J,49.2697783,6.3113942000000005,44
0591041L,50.51721679999999,3.0180377,32
0580295F,47.40001095,3.44861866365267,27
0591351Y,50.2513704,3.9200611000000003,32
0591636H,50.630508899999995,3.0706414,32
0540494U,48.5180357,6.7284065,44
0540754B,48.4813289,6.7772958,44
0790186Y,46.3239455,-0.4645212,75
0761411W,49.880989899999996,0.8306694,28
0761415A,49.6454242,1.531435,28
0530910B,47.826646200000006,-0.735856935591811,52
0550206A,48.8240088,5.1252992,44
0550229A,48.7712673,5.1623805,44
0550488G,48.59167325,5.47380548543842,44
0550508D,48.763203000000004,5.5914753,44
0762076U,49.493897499999996,0.10797319999999999,28
0762146V,49.545292700000005,0.1918673,28
0762342H,49.7855019,1.2294846000000001,28
0762449Z,49.545292700000005,0.1918673,28
0762779H,49.6317451,1.0828619,28
0542135C,48.612881099999996,5.841958900000001,44
0542476Y,48.436190100000005,6.246952200000001,44
0560566L,47.9036655,-2.1221276000000002,53
0570618M,48.65358,7.2368372999999995,44
0594228A,50.1248,3.9293,32
0594695H,50.630508899999995,3.0706414,32
0520637K,48.519312899999996,4.8208137,44
0760626T,49.6317451,1.0828619,28
0760667M,49.532558200000004,0.6340975000000001,28
0600129P,49.2413145823151,1.8857331086071298,32
0600309K,49.2348418,2.8552494999999998,32
0560341S,47.347061100000005,-3.1548667999999997,53
0540313X,48.626296200000006,5.8287285,44
0790934L,46.314854100000005,-0.5431161,75
0800161R,49.957839,2.5909646,32
0800429G,49.88264,2.8540200000000002,32
0561308T,47.747733600000004,-3.3660907,53
0561392J,47.7354591,-3.4270534,53
0561578L,47.7354591,-3.4270534,53
0810305S,44.0379,2.0975099999999998,76
0571355N,48.691799200000005,6.7077121,44
0591829T,50.27964,3.9674154,32
0771470E,48.6499714,3.406422,11
0771698C,48.6499714,3.406422,11
0101048K,48.495163299999994,4.308978700000001,44
0101103V,48.4735598,4.337925299999999,44
0110881Y,43.2108325,2.4412578999999996,76
0120200C,43.9781841,2.5730082000000003,76
0120476C,43.9673651,2.6470951,76
0120523D,44.5206605,2.0944406000000004,76
0120600M,44.351620700000005,2.5728419,76
0120746W,44.0003382590018,3.23670381233263,76
0710220D,46.3077301,4.600430599999999,27
0731308A,45.595134200000004,5.770448200000001,84
0591851S,50.6436584,2.6387499,32
0741202E,45.947137899999994,6.0359602,84
0741382A,45.819053600000004,6.020555,84
0030375S,46.3399276,2.6067229,84
0691201F,45.986474900000005,4.726611,84
0140231A,49.338333299999995,-0.5827778,28
0141683D,49.1683333,0.3311111,28
0941732X,48.8125893,2.3570028,11
0020161P,49.185579700000005,3.3531478999999997,32
0020165U,49.1019,3.1604400000000004,32
0020192Y,50.0030556,3.245,32
0020263A,49.6148945,3.2189506000000003,32
0020581W,49.0735714,3.5417135,32
0020736P,49.7428344897304,3.79079450912162,32
0020949W,49.9552008,3.2985797999999997,32
0021119F,49.8230556,3.6455556000000002,32
0021195N,49.383762100000006,3.327613,32
0942080A,48.76302379999999,2.4093664,11
0021464F,49.7789758856655,3.4306899849347,32
0021806C,49.383762100000006,3.327613,32
0010958L,46.2189665,4.9925097,84
0700308E,47.7145,6.203790000000001,27
0700756S,47.53893925,5.88530738225238,27
0820693H,44.2565123,1.1383233,76
0680473V,48.2476662,7.185118400000001,44
0710503L,46.433626399999994,4.4732816,27
0831525G,43.1497034,6.0737053,93
0650851X,42.99647,-0.09248730000000001,76
9720464X,14.6027962,-61.06767239999999,2
0670213T,48.5395474,7.4555777999999995,44
9760109P,-12.7897252,45.1038055,6
9760269N,-12.913218400000002,45.194967,6
7200076V,42.943011799999994,9.3677363,94
9710136W,16.000077800000003,-61.7333373,1
9710192G,16.2408636,-61.533407700000005,1
9710290N,16.2706436,-61.5057749,1
9710876A,16.059272099999998,-61.76363620000001,1
9710919X,15.883641699999998,-61.3146797,1
9720108K,14.712149499999999,-61.183431999999996,2
0890418W,47.796128700000004,3.570579,27
0890681G,47.7591331,4.1773119,27
0890990T,47.6839847,3.6898894999999996,27
0891153V,47.3692941,3.9987602,27
0610490B,48.8543179,0.398068991210486,28
0790753P,46.3239455,-0.4645212,75
0800428F,49.897349299999995,2.8343112999999995,32
0800445Z,49.8869277,2.7063731,32
0891188H,48.256840000000004,3.26409,27
0900041F,47.585829,6.8654458,27
0910702U,48.731219700000004,2.2713702000000002,11
0861050Z,46.831821500000004,0.4573359,75
0870259J,45.83542429999999,1.2644847,75
0810333X,44.0101,2.11911,76
9710307G,15.976743300000003,-61.6441603,1
9710602C,16.331117499999998,-61.45792370000001,1
0931153Y,48.9392142,2.5257254000000002,11
0880278Z,48.1747684,6.4503642999999995,44
0880723H,48.340371399999995,6.3318402,44
0880829Y,48.406984,6.8437227,44
0881606T,48.249484499999994,6.412361233645151,44
0890201K,48.319447499999995,3.1264717999999996,27
9711162L,16.3327353,-61.698147,1
0940402B,48.8125893,2.3570028,11
0941274Z,48.8262055,2.5406696,11
0870479Y,45.7501747,1.2888396,75
0951035J,48.9906696,2.2794326000000003,11
0870515M,45.6634929,1.6484555,75
0870680S,45.83542429999999,1.2644847,75
9760033G,-12.913218400000002,45.194967,6
0861089S,46.7638945,0.48237340000000006,75
0870278E,45.83542429999999,1.2644847,75
0860090F,46.536399200000005,0.8536503000000001,75
0860223A,46.5695048,0.6439464,75
0860399S,46.424957299999996,0.8682027,75
0951629E,49.0300763,2.0205773000000002,11
0951845P,49.1339431,2.2312397,11
0880467E,48.225184000000006,6.763816499999999,44
0881081X,48.32320285,7.115688766050679,44
0860716L,46.5695048,0.6439464,75
9710191F,16.2408636,-61.533407700000005,1
0850361F,46.4251677,-1.4883469999999999,52
0922453S,48.9026,2.30551,11
0922576A,48.8144,2.31606,11
9740185H,-20.926965799999998,55.3361334,4
9740275F,-21.284012399999998,55.41359620000001,4
0770439J,48.8773018,2.7056056,11
0770842X,48.737539,2.951462,11
0771586F,48.539927,2.6608169,11
0420304C,45.6072875,4.0627318,84
0420335L,45.434898700000005,4.3212622000000005,84
0420505W,45.7523386,3.9746568999999994,84
0421188N,45.5351545,4.2799016482570895,84
0421509M,45.4401467,4.3873058,84
0772507G,48.8567,2.7855615,11
0430515B,45.060809000000006,4.302941000000001,84
0511613B,48.9566218,4.3628851,44
0511919J,48.82692415,3.9542037745950895,44
0520108K,48.4441591,5.1694389,44
0540160F,49.276047600000005,5.868485,44
0601686G,49.31280555,1.8171514778628102,32
0750979G,48.856610100000005,2.3514992,11
0621750R,50.6032472,2.1830816000000004,32
0622062E,50.3812113,2.3361053,32
0622283V,50.4245,2.7738,32
0370301B,47.166718200000005,0.2402095,24
0370804Y,47.4052448,0.6658199,24
0371106B,47.385141100000006,0.5545861999999999,24
0381653R,44.9624037,5.745270099999999,84
0360076M,46.42981760000001,2.1188539,24
0370148K,47.4052448,0.6658199,24
0270068C,49.0268903,1.1510163999999998,28
0270073H,49.0268903,1.1510163999999998,28
0270337V,49.1025,0.48956000000000005,28
0270503A,49.0906709,1.1411476,28
0271805R,49.0268903,1.1510163999999998,28
0280376G,48.3037516936298,0.8490794332218901,24
0280449L,48.2639007,1.2125473999999998,24
0280543N,48.320885100000005,0.8163959,24
0910160E,48.448035299999994,2.2948861000000003,11
0320313S,43.4322445,0.7846079,76
0940721Y,48.7960018,2.5426621,11
0382478M,45.3481942,5.3072813,84
0382587F,45.614003000000004,5.1580574,84
0383002G,45.373000000000005,5.95104,84
0390454G,46.8966981,5.9677182,27
0391066X,47.0921047,5.4925463,27
0911883C,48.6612042,2.3322423999999997,11
0920758Z,48.829358299999996,2.1756092999999996,11
0450459E,48.018342600000004,1.7957935,24
0460200T,44.397033799999996,1.7695063000000002,76
0460391A,44.7389115,1.9077203999999999,76
0460523U,44.4778915,1.2872058000000002,76
0510606G,49.0354975,4.2088812,44
0510630H,48.9566218,4.3628851,44
0511584V,48.7586232,3.7684724000000003,44
0540179B,49.2128736,5.9750234,44
0420104K,45.5351545,4.2799016482570895,84
0420267M,45.3869468,4.2858545,84
0421199A,45.603063399999996,4.3148078000000005,84
0540157C,49.3348009,5.881725,44
0670196Z,48.4330923,7.485117599999999,44
0332328B,45.1861565,-1.0575333999999998,75
0671133T,48.721185,7.361716800000001,44
0671466E,48.84129975,7.60049258863281,44
0672148W,48.86669439999999,7.1906291,44
0672152A,49.0036278,7.7899563999999994,44
0672228H,48.509485299999994,7.269141599999999,44
0542078R,48.559399600000006,6.9646289,44
0490123T,47.376337899999996,-0.1104675,52
0320426P,43.8375617,0.384666,76
0672362D,48.8522761,7.6293725785611795,44
0680649L,47.7195745,7.1647103,44
0680679U,47.5394593,7.333050599999999,44
0680707Z,47.930557,6.964591800000001,44
0341861N,43.565399299999996,3.9017114,76
0681455M,47.9024133,7.253469,44
0681518F,48.0284909,7.5024451,44
0390301R,46.778218700000004,5.9408961,27
0491850V,47.497443,0.0923350673280189,52
0560668X,47.8758768,-3.0199362,53
0561493U,47.747733600000004,-3.3660907,53
0570770C,49.2716496,6.646490700000001,44
0570930B,49.0540236,7.146237299999999,44
0571701P,49.0530406,6.9316068,44
0440866C,47.273351700000006,-2.2138904999999998,52
0440894H,47.273351700000006,-2.2138904999999998,52
0441574X,47.4035523,-0.938858676210172,52
0595107F,50.3952484,3.2326712000000004,32
0352436H,48.0243796,-1.7469644,53
0421532M,45.4825111,4.5741514,84
0421536S,45.4401467,4.3873058,84
0600289N,49.63096015177629,2.30825410992372,32
0640925H,43.228615999999995,-1.04231086760756,75
0370184Z,47.4197523,0.8470549999999999,24
0312594B,43.5241,1.82637,76
0320168J,43.3825423,0.22356910000000002,76
0400758G,44.149503499999994,-0.7377402,75
0650749L,43.1831715,-0.0268132,76
0320309M,43.476111100000004,0.2763889,76
0320489H,43.4709929,0.5218082,76
0330258B,44.841225,-0.5800364,75
0330305C,44.841649600000004,0.214969,75
0420329E,46.0345572,4.0729178,84
0572537Y,49.119696399999995,6.176355200000001,44
0660423B,42.463264200000005,1.9382158999999999,76
0620575N,50.2120584,2.7982832,32
0620982F,50.4754,2.6621898999999996,32
0370284H,47.3900474,0.6889268,24
0572948V,48.9041672,6.8109744999999995,44
0641092P,43.3048593427608,-1.04383321898218,75
0380840G,45.3732685,4.796158599999999,84
0641713P,43.370894299999996,-0.6294320999999999,75
0650240H,43.320741299999995,-0.0047759,76
0650447H,43.299055100000004,0.5938321999999999,76
0782494M,48.8642975,2.1377696,11
0622957C,50.4894092,2.4844817999999997,32
0790172H,46.3239455,-0.4645212,75
0610659K,48.474748600000005,0.14859589999999998,28
0610949A,48.4221718,0.06361280000000001,28
0611079S,48.6688475,-0.0279343955886449,28
0140342W,49.0045765,-0.1725382,28
0140375G,49.182800799999995,-0.3690815,28
0140428P,49.182800799999995,-0.3690815,28
0140665X,48.9420561,-0.2205177,28
0800251N,49.906092,2.0512212,32
0800414R,49.9363775,3.1162449,32
0800618M,50.15183579999999,1.9013003000000002,32
0800832V,49.8941708,2.2956951,32
0801818S,49.8949866,2.1126148,32
0802059D,49.8941708,2.2956951,32
0890669U,47.900929999999995,3.62501,27
0890738U,47.870565500000005,3.32272821477273,27
0602079J,49.60864829999999,1.9960584,32
0890909E,47.62493,3.9733,27
0890972Y,48.0017354,3.7280324,27
0891039W,47.744136100000006,3.6477869,27
0891260L,47.507613662238505,3.8850272886971497,27
0900255N,47.608574299999994,6.8096061,27
0840883D,44.0066403,4.8725016,93
0610908F,48.580906,-0.38203748624326295,28
0620345N,50.4821963,2.5461922,32
0850313D,46.466112200000005,-0.8063735,52
0624014B,50.8064,1.73997,32
0640267T,43.20545870000001,-1.1557764,75
0681137S,47.8208892,7.5410482000000005,44
0770718M,48.6354878,2.7954418,11
0681827S,48.07775170000001,7.3579641,44
0771307C,48.4149956,3.2394035,11
0911502N,48.5692542,2.0357586,11
0671287K,48.4377779,7.2238892,44
0671491G,48.4961447,7.257279799999999,44
0671492H,48.3489201,7.1068599,44
0672446V,48.8982028302106,7.3117369255297895,44
0672540X,48.9075169,7.6309516,44
0922577B,48.8144,2.31606,11
0595371T,50.6193174,3.1314002,32
0751310S,48.856610100000005,2.3514992,11
0755013S,48.856610100000005,2.3514992,11
0600293T,49.6338596,2.3614502,32
0590844X,50.2563884,4.075551,32
0590967F,51.0347708,2.3772525,32
0591136P,50.6026031,3.0697877,32
0760711K,49.7544028,1.1490193000000002,28
0670349R,48.817223600000005,7.788597800000001,44
0670350S,48.821213,7.7358163,44
0880659N,48.391473299999994,5.6737085,44
0880811D,48.2952039,6.68847417992282,44
0580041E,46.9876601,3.1577203,27
0580199B,46.948876299999995,3.9600928,27
0580289Z,47.3716368,3.4545856,27
0580717P,47.048138,3.2028956,27
0890230S,47.9205351,3.25203930303153,27
0890301U,47.7132623,3.6653566,27
0772082V,48.567102399999996,2.6252499,11
0700732R,47.395449799999994,6.0532726,27
0710176F,46.2462758,4.7868257000000005,27
0710459N,46.1966241,4.7689072,27
0710663K,47.026168299999995,4.1199906,27
0710695V,46.833008899999996,4.1158212999999995,27
0573456X,49.101578,7.5083027,44
0800818E,50.106083500000004,1.8337028999999998,32
0770719N,48.6354878,2.7954418,11
0340569J,43.2900051,3.1279228999999997,76
0772117H,48.567102399999996,2.6252499,11
0860212N,46.8180047,0.545812,75
0751265T,48.856610100000005,2.3514992,11
0780520S,48.773933899999996,2.1259014,11
0711333N,46.680688200000006,3.8161727999999995,27
0720397R,48.1860576,0.6554511,52
0780839N,48.8255064,2.12798942040892,11
0741201D,46.0164774,6.1712940000000005,84
0780540N,48.817399,1.9476363,11
0790282C,46.1100611,0.061765999999999995,75
0781221D,48.758664399999994,2.0510182,11
0761156U,49.8535336,0.7990984999999999,28
0761242M,49.493897499999996,0.10797319999999999,28
0920265N,48.914826899999994,2.2674892000000004,11
0920445J,48.8250508,2.273457,11
0762335A,49.526209868317004,0.35472897759286004,28
0741327R,45.9194156,6.165874724017769,84
